Category,ID,Latitude,Longitude,Date,MODIS_Tile,MOD13Q1_061_Line_Y_250m,MOD13Q1_061_Sample_X_250m,MOD13Q1_061__250m_16_days_NDVI,MOD13Q1_061__250m_16_days_VI_Quality,MOD13Q1_061__250m_16_days_VI_Quality_bitmask,MOD13Q1_061__250m_16_days_VI_Quality_MODLAND,MOD13Q1_061__250m_16_days_VI_Quality_MODLAND_Description,MOD13Q1_061__250m_16_days_VI_Quality_VI_Usefulness,MOD13Q1_061__250m_16_days_VI_Quality_VI_Usefulness_Description,MOD13Q1_061__250m_16_days_VI_Quality_Aerosol_Quantity,MOD13Q1_061__250m_16_days_VI_Quality_Aerosol_Quantity_Description,MOD13Q1_061__250m_16_days_VI_Quality_Adjacent_cloud_detected,MOD13Q1_061__250m_16_days_VI_Quality_Adjacent_cloud_detected_Description,MOD13Q1_061__250m_16_days_VI_Quality_Atmosphere_BRDF_Correction,MOD13Q1_061__250m_16_days_VI_Quality_Atmosphere_BRDF_Correction_Description,MOD13Q1_061__250m_16_days_VI_Quality_Mixed_Clouds,MOD13Q1_061__250m_16_days_VI_Quality_Mixed_Clouds_Description,MOD13Q1_061__250m_16_days_VI_Quality_Land/Water_Mask,MOD13Q1_061__250m_16_days_VI_Quality_Land/Water_Mask_Description,MOD13Q1_061__250m_16_days_VI_Quality_Possible_snow/ice,MOD13Q1_061__250m_16_days_VI_Quality_Possible_snow/ice_Description,MOD13Q1_061__250m_16_days_VI_Quality_Possible_shadow,MOD13Q1_061__250m_16_days_VI_Quality_Possible_shadow_Description
Mandoul,1,8.6,17.7,2019-06-26,h19v08,671.0,3600.0,0.3523,2062.0,0b0000100000001110,0b10,"Pixel produced, but most probably cloudy",0b0011,Decreasing quality,0b00,Climatology,0b0,No,0b0,No,0b0,No,0b001,Land (Nothing else but land),0b0,No,0b0,No
Mandoul,1,8.6,17.7,2019-07-12,h19v08,671.0,3600.0,0.5973,2190.0,0b0000100010001110,0b10,"Pixel produced, but most probably cloudy",0b0011,Decreasing quality,0b10,Average,0b0,No,0b0,No,0b0,No,0b001,Land (Nothing else but land),0b0,No,0b0,No
Mandoul,1,8.6,17.7,2019-07-28,h19v08,671.0,3600.0,0.7217,2120.0,0b0000100001001000,0b00,VI produced with good quality,0b0010,Decreasing quality,0b01,Low,0b0,No,0b0,No,0b0,No,0b001,Land (Nothing else but land),0b0,No,0b0,No
Mandoul,1,8.6,17.7,2019-08-13,h19v08,671.0,3600.0,0.7531,2116.0,0b0000100001000100,0b00,VI produced with good quality,0b0001,Lower quality,0b01,Low,0b0,No,0b0,No,0b0,No,0b001,Land (Nothing else but land),0b0,No,0b0,No
Mandoul,1,8.6,17.7,2019-08-29,h19v08,671.0,3600.0,0.7363,2189.0,0b0000100010001101,0b01,"VI produced, but check other QA",0b0011,Decreasing quality,0b10,Average,0b0,No,0b0,No,0b0,No,0b001,Land (Nothing else but land),0b0,No,0b0,No
Mandoul,1,8.6,17.7,2019-09-14,h19v08,671.0,3600.0,0.6776,2185.0,0b0000100010001001,0b01,"VI produced, but check other QA",0b0010,Decreasing quality,0b10,Average,0b0,No,0b0,No,0b0,No,0b001,Land (Nothing else but land),0b0,No,0b0,No
Mandoul,1,8.6,17.7,2019-09-30,h19v08,671.0,3600.0,0.4801,2518.0,0b0000100111010110,0b10,"Pixel produced, but most probably cloudy",0b0101,Decreasing quality,0b11,High,0b1,Yes,0b0,No,0b0,No,0b001,Land (Nothing else but land),0b0,No,0b0,No
Mandoul,1,8.6,17.7,2019-10-16,h19v08,671.0,3600.0,0.7289,2116.0,0b0000100001000100,0b00,VI produced with good quality,0b0001,Lower quality,0b01,Low,0b0,No,0b0,No,0b0,No,0b001,Land (Nothing else but land),0b0,No,0b0,No
Mandoul,1,8.6,17.7,2019-11-01,h19v08,671.0,3600.0,0.6923,2116.0,0b0000100001000100,0b00,VI produced with good quality,0b0001,Lower quality,0b01,Low,0b0,No,0b0,No,0b0,No,0b001,Land (Nothing else but land),0b0,No,0b0,No
Mandoul,1,8.6,17.7,2019-11-17,h19v08,671.0,3600.0,0.6012,2116.0,0b0000100001000100,0b00,VI produced with good quality,0b0001,Lower quality,0b01,Low,0b0,No,0b0,No,0b0,No,0b001,Land (Nothing else but land),0b0,No,0b0,No
Mandoul,1,8.6,17.7,2019-12-03,h19v08,671.0,3600.0,0.5303,2116.0,0b0000100001000100,0b00,VI produced with good quality,0b0001,Lower quality,0b01,Low,0b0,No,0b0,No,0b0,No,0b001,Land (Nothing else but land),0b0,No,0b0,No
Mandoul,1,8.6,17.7,2019-12-19,h19v08,671.0,3600.0,0.4228,2116.0,0b0000100001000100,0b00,VI produced with good quality,0b0001,Lower quality,0b01,Low,0b0,No,0b0,No,0b0,No,0b001,Land (Nothing else but land),0b0,No,0b0,No
Mandoul,1,8.6,17.7,2020-01-01,h19v08,671.0,3600.0,0.4226,2116.0,0b0000100001000100,0b00,VI produced with good quality,0b0001,Lower quality,0b01,Low,0b0,No,0b0,No,0b0,No,0b001,Land (Nothing else but land),0b0,No,0b0,No
Mandoul,1,8.6,17.7,2020-01-17,h19v08,671.0,3600.0,0.3823,2116.0,0b0000100001000100,0b00,VI produced with good quality,0b0001,Lower quality,0b01,Low,0b0,No,0b0,No,0b0,No,0b001,Land (Nothing else but land),0b0,No,0b0,No
Mandoul,1,8.6,17.7,2020-02-02,h19v08,671.0,3600.0,0.3533,2116.0,0b0000100001000100,0b00,VI produced with good quality,0b0001,Lower quality,0b01,Low,0b0,No,0b0,No,0b0,No,0b001,Land (Nothing else but land),0b0,No,0b0,No
Mandoul,1,8.6,17.7,2020-02-18,h19v08,671.0,3600.0,0.3201,2116.0,0b0000100001000100,0b00,VI produced with good quality,0b0001,Lower quality,0b01,Low,0b0,No,0b0,No,0b0,No,0b001,Land (Nothing else but land),0b0,No,0b0,No
Mandoul,1,8.6,17.7,2020-03-05,h19v08,671.0,3600.0,0.2782,2185.0,0b0000100010001001,0b01,"VI produced, but check other QA",0b0010,Decreasing quality,0b10,Average,0b0,No,0b0,No,0b0,No,0b001,Land (Nothing else but land),0b0,No,0b0,No
Mandoul,1,8.6,17.7,2020-03-21,h19v08,671.0,3600.0,0.3713,2185.0,0b0000100010001001,0b01,"VI produced, but check other QA",0b0010,Decreasing quality,0b10,Average,0b0,No,0b0,No,0b0,No,0b001,Land (Nothing else but land),0b0,No,0b0,No
Mandoul,1,8.6,17.7,2020-04-06,h19v08,671.0,3600.0,0.383,2116.0,0b0000100001000100,0b00,VI produced with good quality,0b0001,Lower quality,0b01,Low,0b0,No,0b0,No,0b0,No,0b001,Land (Nothing else but land),0b0,No,0b0,No
Mandoul,1,8.6,17.7,2020-04-22,h19v08,671.0,3600.0,0.4337,2116.0,0b0000100001000100,0b00,VI produced with good quality,0b0001,Lower quality,0b01,Low,0b0,No,0b0,No,0b0,No,0b001,Land (Nothing else but land),0b0,No,0b0,No
Mandoul,1,8.6,17.7,2020-05-08,h19v08,671.0,3600.0,0.4175,2376.0,0b0000100101001000,0b00,VI produced with good quality,0b0010,Decreasing quality,0b01,Low,0b1,Yes,0b0,No,0b0,No,0b001,Land (Nothing else but land),0b0,No,0b0,No
Mandoul,1,8.6,17.7,2020-05-24,h19v08,671.0,3600.0,0.5364,2185.0,0b0000100010001001,0b01,"VI produced, but check other QA",0b0010,Decreasing quality,0b10,Average,0b0,No,0b0,No,0b0,No,0b001,Land (Nothing else but land),0b0,No,0b0,No
Mandoul,1,8.6,17.7,2020-06-09,h19v08,671.0,3600.0,0.4468,2185.0,0b0000100010001001,0b01,"VI produced, but check other QA",0b0010,Decreasing quality,0b10,Average,0b0,No,0b0,No,0b0,No,0b001,Land (Nothing else but land),0b0,No,0b0,No
Mandoul,1,8.6,17.7,2020-06-25,h19v08,671.0,3600.0,0.5075,2116.0,0b0000100001000100,0b00,VI produced with good quality,0b0001,Lower quality,0b01,Low,0b0,No,0b0,No,0b0,No,0b001,Land (Nothing else but land),0b0,No,0b0,No
Mandoul,1,8.6,17.7,2020-07-11,h19v08,671.0,3600.0,0.3937,2066.0,0b0000100000010010,0b10,"Pixel produced, but most probably cloudy",0b0100,Decreasing quality,0b00,Climatology,0b0,No,0b0,No,0b0,No,0b001,Land (Nothing else but land),0b0,No,0b0,No
Mandoul,1,8.6,17.7,2020-07-27,h19v08,671.0,3600.0,0.633,2185.0,0b0000100010001001,0b01,"VI produced, but check other QA",0b0010,Decreasing quality,0b10,Average,0b0,No,0b0,No,0b0,No,0b001,Land (Nothing else but land),0b0,No,0b0,No
Mandoul,1,8.6,17.7,2020-08-12,h19v08,671.0,3600.0,0.3827,2062.0,0b0000100000001110,0b10,"Pixel produced, but most probably cloudy",0b0011,Decreasing quality,0b00,Climatology,0b0,No,0b0,No,0b0,No,0b001,Land (Nothing else but land),0b0,No,0b0,No
Mandoul,1,8.6,17.7,2020-08-28,h19v08,671.0,3600.0,0.6847,2120.0,0b0000100001001000,0b00,VI produced with good quality,0b0010,Decreasing quality,0b01,Low,0b0,No,0b0,No,0b0,No,0b001,Land (Nothing else but land),0b0,No,0b0,No
Mandoul,1,8.6,17.7,2020-09-13,h19v08,671.0,3600.0,0.6551,3226.0,0b0000110010011010,0b10,"Pixel produced, but most probably cloudy",0b0110,Decreasing quality,0b10,Average,0b0,No,0b0,No,0b1,Yes,0b001,Land (Nothing else but land),0b0,No,0b0,No
Mandoul,1,8.6,17.7,2020-09-29,h19v08,671.0,3600.0,0.6685,2185.0,0b0000100010001001,0b01,"VI produced, but check other QA",0b0010,Decreasing quality,0b10,Average,0b0,No,0b0,No,0b0,No,0b001,Land (Nothing else but land),0b0,No,0b0,No
Mandoul,1,8.6,17.7,2020-10-15,h19v08,671.0,3600.0,0.7289,2116.0,0b0000100001000100,0b00,VI produced with good quality,0b0001,Lower quality,0b01,Low,0b0,No,0b0,No,0b0,No,0b001,Land (Nothing else but land),0b0,No,0b0,No
Mandoul,1,8.6,17.7,2020-10-31,h19v08,671.0,3600.0,0.624,2116.0,0b0000100001000100,0b00,VI produced with good quality,0b0001,Lower quality,0b01,Low,0b0,No,0b0,No,0b0,No,0b001,Land (Nothing else but land),0b0,No,0b0,No
Mandoul,1,8.6,17.7,2020-11-16,h19v08,671.0,3600.0,0.5677,2116.0,0b0000100001000100,0b00,VI produced with good quality,0b0001,Lower quality,0b01,Low,0b0,No,0b0,No,0b0,No,0b001,Land (Nothing else but land),0b0,No,0b0,No
Mandoul,1,8.6,17.7,2020-12-02,h19v08,671.0,3600.0,0.4834,2116.0,0b0000100001000100,0b00,VI produced with good quality,0b0001,Lower quality,0b01,Low,0b0,No,0b0,No,0b0,No,0b001,Land (Nothing else but land),0b0,No,0b0,No
Mandoul,1,8.6,17.7,2020-12-18,h19v08,671.0,3600.0,0.4382,2116.0,0b0000100001000100,0b00,VI produced with good quality,0b0001,Lower quality,0b01,Low,0b0,No,0b0,No,0b0,No,0b001,Land (Nothing else but land),0b0,No,0b0,No
Mandoul,1,8.6,17.7,2021-01-01,h19v08,671.0,3600.0,0.383,2116.0,0b0000100001000100,0b00,VI produced with good quality,0b0001,Lower quality,0b01,Low,0b0,No,0b0,No,0b0,No,0b001,Land (Nothing else but land),0b0,No,0b0,No
Mandoul,1,8.6,17.7,2021-01-17,h19v08,671.0,3600.0,0.3499,2116.0,0b0000100001000100,0b00,VI produced with good quality,0b0001,Lower quality,0b01,Low,0b0,No,0b0,No,0b0,No,0b001,Land (Nothing else but land),0b0,No,0b0,No
Mandoul,1,8.6,17.7,2021-02-02,h19v08,671.0,3600.0,0.3218,2116.0,0b0000100001000100,0b00,VI produced with good quality,0b0001,Lower quality,0b01,Low,0b0,No,0b0,No,0b0,No,0b001,Land (Nothing else but land),0b0,No,0b0,No
Mandoul,1,8.6,17.7,2021-02-18,h19v08,671.0,3600.0,0.3054,2116.0,0b0000100001000100,0b00,VI produced with good quality,0b0001,Lower quality,0b01,Low,0b0,No,0b0,No,0b0,No,0b001,Land (Nothing else but land),0b0,No,0b0,No
Mandoul,1,8.6,17.7,2021-03-06,h19v08,671.0,3600.0,0.3418,2185.0,0b0000100010001001,0b01,"VI produced, but check other QA",0b0010,Decreasing quality,0b10,Average,0b0,No,0b0,No,0b0,No,0b001,Land (Nothing else but land),0b0,No,0b0,No
Mandoul,1,8.6,17.7,2021-03-22,h19v08,671.0,3600.0,0.3356,2185.0,0b0000100010001001,0b01,"VI produced, but check other QA",0b0010,Decreasing quality,0b10,Average,0b0,No,0b0,No,0b0,No,0b001,Land (Nothing else but land),0b0,No,0b0,No
Mandoul,1,8.6,17.7,2021-04-07,h19v08,671.0,3600.0,0.3775,2185.0,0b0000100010001001,0b01,"VI produced, but check other QA",0b0010,Decreasing quality,0b10,Average,0b0,No,0b0,No,0b0,No,0b001,Land (Nothing else but land),0b0,No,0b0,No
Mandoul,1,8.6,17.7,2021-04-23,h19v08,671.0,3600.0,0.3653,2185.0,0b0000100010001001,0b01,"VI produced, but check other QA",0b0010,Decreasing quality,0b10,Average,0b0,No,0b0,No,0b0,No,0b001,Land (Nothing else but land),0b0,No,0b0,No
Mandoul,1,8.6,17.7,2021-05-09,h19v08,671.0,3600.0,0.4449,2116.0,0b0000100001000100,0b00,VI produced with good quality,0b0001,Lower quality,0b01,Low,0b0,No,0b0,No,0b0,No,0b001,Land (Nothing else but land),0b0,No,0b0,No
Mandoul,1,8.6,17.7,2021-05-25,h19v08,671.0,3600.0,0.4674,2185.0,0b0000100010001001,0b01,"VI produced, but check other QA",0b0010,Decreasing quality,0b10,Average,0b0,No,0b0,No,0b0,No,0b001,Land (Nothing else but land),0b0,No,0b0,No
Mandoul,1,8.6,17.7,2021-06-10,h19v08,671.0,3600.0,0.5947,2116.0,0b0000100001000100,0b00,VI produced with good quality,0b0001,Lower quality,0b01,Low,0b0,No,0b0,No,0b0,No,0b001,Land (Nothing else but land),0b0,No,0b0,No
Mandoul,1,8.6,17.7,2021-06-26,h19v08,671.0,3600.0,0.5604,2116.0,0b0000100001000100,0b00,VI produced with good quality,0b0001,Lower quality,0b01,Low,0b0,No,0b0,No,0b0,No,0b001,Land (Nothing else but land),0b0,No,0b0,No
Mandoul,1,8.6,17.7,2021-07-12,h19v08,671.0,3600.0,0.6969,3158.0,0b0000110001010110,0b10,"Pixel produced, but most probably cloudy",0b0101,Decreasing quality,0b01,Low,0b0,No,0b0,No,0b1,Yes,0b001,Land (Nothing else but land),0b0,No,0b0,No
Mandoul,1,8.6,17.7,2021-07-28,h19v08,671.0,3600.0,0.234,2066.0,0b0000100000010010,0b10,"Pixel produced, but most probably cloudy",0b0100,Decreasing quality,0b00,Climatology,0b0,No,0b0,No,0b0,No,0b001,Land (Nothing else but land),0b0,No,0b0,No
Mandoul,1,8.6,17.7,2021-08-13,h19v08,671.0,3600.0,0.3661,2189.0,0b0000100010001101,0b01,"VI produced, but check other QA",0b0011,Decreasing quality,0b10,Average,0b0,No,0b0,No,0b0,No,0b001,Land (Nothing else but land),0b0,No,0b0,No
Mandoul,1,8.6,17.7,2021-08-29,h19v08,671.0,3600.0,0.7421,2116.0,0b0000100001000100,0b00,VI produced with good quality,0b0001,Lower quality,0b01,Low,0b0,No,0b0,No,0b0,No,0b001,Land (Nothing else but land),0b0,No,0b0,No
Mandoul,1,8.6,17.7,2021-09-14,h19v08,671.0,3600.0,0.7553,2376.0,0b0000100101001000,0b00,VI produced with good quality,0b0010,Decreasing quality,0b01,Low,0b1,Yes,0b0,No,0b0,No,0b001,Land (Nothing else but land),0b0,No,0b0,No
Mandoul,1,8.6,17.7,2021-09-30,h19v08,671.0,3600.0,0.652,2116.0,0b0000100001000100,0b00,VI produced with good quality,0b0001,Lower quality,0b01,Low,0b0,No,0b0,No,0b0,No,0b001,Land (Nothing else but land),0b0,No,0b0,No
Mandoul,1,8.6,17.7,2021-10-16,h19v08,671.0,3600.0,0.642,2116.0,0b0000100001000100,0b00,VI produced with good quality,0b0001,Lower quality,0b01,Low,0b0,No,0b0,No,0b0,No,0b001,Land (Nothing else but land),0b0,No,0b0,No
Mandoul,1,8.6,17.7,2021-11-01,h19v08,671.0,3600.0,0.5341,2116.0,0b0000100001000100,0b00,VI produced with good quality,0b0001,Lower quality,0b01,Low,0b0,No,0b0,No,0b0,No,0b001,Land (Nothing else but land),0b0,No,0b0,No
Mandoul,1,8.6,17.7,2021-11-17,h19v08,671.0,3600.0,0.4499,2116.0,0b0000100001000100,0b00,VI produced with good quality,0b0001,Lower quality,0b01,Low,0b0,No,0b0,No,0b0,No,0b001,Land (Nothing else but land),0b0,No,0b0,No
Mandoul,1,8.6,17.7,2021-12-03,h19v08,671.0,3600.0,0.4168,2116.0,0b0000100001000100,0b00,VI produced with good quality,0b0001,Lower quality,0b01,Low,0b0,No,0b0,No,0b0,No,0b001,Land (Nothing else but land),0b0,No,0b0,No
Mandoul,1,8.6,17.7,2021-12-19,h19v08,671.0,3600.0,0.4014,2116.0,0b0000100001000100,0b00,VI produced with good quality,0b0001,Lower quality,0b01,Low,0b0,No,0b0,No,0b0,No,0b001,Land (Nothing else but land),0b0,No,0b0,No
Mandoul,1,8.6,17.7,2022-01-01,h19v08,671.0,3600.0,0.3755,2116.0,0b0000100001000100,0b00,VI produced with good quality,0b0001,Lower quality,0b01,Low,0b0,No,0b0,No,0b0,No,0b001,Land (Nothing else but land),0b0,No,0b0,No
Mandoul,1,8.6,17.7,2022-01-17,h19v08,671.0,3600.0,0.3363,2116.0,0b0000100001000100,0b00,VI produced with good quality,0b0001,Lower quality,0b01,Low,0b0,No,0b0,No,0b0,No,0b001,Land (Nothing else but land),0b0,No,0b0,No
Mandoul,1,8.6,17.7,2022-02-02,h19v08,671.0,3600.0,0.3311,2116.0,0b0000100001000100,0b00,VI produced with good quality,0b0001,Lower quality,0b01,Low,0b0,No,0b0,No,0b0,No,0b001,Land (Nothing else but land),0b0,No,0b0,No
Mandoul,1,8.6,17.7,2022-02-18,h19v08,671.0,3600.0,0.3249,2116.0,0b0000100001000100,0b00,VI produced with good quality,0b0001,Lower quality,0b01,Low,0b0,No,0b0,No,0b0,No,0b001,Land (Nothing else but land),0b0,No,0b0,No
Mandoul,1,8.6,17.7,2022-03-06,h19v08,671.0,3600.0,0.2723,2185.0,0b0000100010001001,0b01,"VI produced, but check other QA",0b0010,Decreasing quality,0b10,Average,0b0,No,0b0,No,0b0,No,0b001,Land (Nothing else but land),0b0,No,0b0,No
Mandoul,1,8.6,17.7,2022-03-22,h19v08,671.0,3600.0,0.3225,2116.0,0b0000100001000100,0b00,VI produced with good quality,0b0001,Lower quality,0b01,Low,0b0,No,0b0,No,0b0,No,0b001,Land (Nothing else but land),0b0,No,0b0,No
Mandoul,1,8.6,17.7,2022-04-07,h19v08,671.0,3600.0,0.3697,2116.0,0b0000100001000100,0b00,VI produced with good quality,0b0001,Lower quality,0b01,Low,0b0,No,0b0,No,0b0,No,0b001,Land (Nothing else but land),0b0,No,0b0,No
Mandoul,1,8.6,17.7,2022-04-23,h19v08,671.0,3600.0,0.5633,2185.0,0b0000100010001001,0b01,"VI produced, but check other QA",0b0010,Decreasing quality,0b10,Average,0b0,No,0b0,No,0b0,No,0b001,Land (Nothing else but land),0b0,No,0b0,No
Mandoul,1,8.6,17.7,2022-05-09,h19v08,671.0,3600.0,0.5677,2185.0,0b0000100010001001,0b01,"VI produced, but check other QA",0b0010,Decreasing quality,0b10,Average,0b0,No,0b0,No,0b0,No,0b001,Land (Nothing else but land),0b0,No,0b0,No
Mandoul,1,8.6,17.7,2022-05-25,h19v08,671.0,3600.0,0.5504,2116.0,0b0000100001000100,0b00,VI produced with good quality,0b0001,Lower quality,0b01,Low,0b0,No,0b0,No,0b0,No,0b001,Land (Nothing else but land),0b0,No,0b0,No
Mandoul,1,8.6,17.7,2022-06-10,h19v08,671.0,3600.0,0.5525,2185.0,0b0000100010001001,0b01,"VI produced, but check other QA",0b0010,Decreasing quality,0b10,Average,0b0,No,0b0,No,0b0,No,0b001,Land (Nothing else but land),0b0,No,0b0,No
Mandoul,1,8.6,17.7,2022-06-26,h19v08,671.0,3600.0,0.569,2116.0,0b0000100001000100,0b00,VI produced with good quality,0b0001,Lower quality,0b01,Low,0b0,No,0b0,No,0b0,No,0b001,Land (Nothing else but land),0b0,No,0b0,No
Mandoul,1,8.6,17.7,2022-07-12,h19v08,671.0,3600.0,0.6881,3482.0,0b0000110110011010,0b10,"Pixel produced, but most probably cloudy",0b0110,Decreasing quality,0b10,Average,0b1,Yes,0b0,No,0b1,Yes,0b001,Land (Nothing else but land),0b0,No,0b0,No
Mandoul,1,8.6,17.7,2022-07-28,h19v08,671.0,3600.0,0.6144,3154.0,0b0000110001010010,0b10,"Pixel produced, but most probably cloudy",0b0100,Decreasing quality,0b01,Low,0b0,No,0b0,No,0b1,Yes,0b001,Land (Nothing else but land),0b0,No,0b0,No
Mandoul,1,8.6,17.7,2022-08-13,h19v08,671.0,3600.0,0.681,3098.0,0b0000110000011010,0b10,"Pixel produced, but most probably cloudy",0b0110,Decreasing quality,0b00,Climatology,0b0,No,0b0,No,0b1,Yes,0b001,Land (Nothing else but land),0b0,No,0b0,No
Mandoul,1,8.6,17.7,2022-08-29,h19v08,671.0,3600.0,0.6663,2189.0,0b0000100010001101,0b01,"VI produced, but check other QA",0b0011,Decreasing quality,0b10,Average,0b0,No,0b0,No,0b0,No,0b001,Land (Nothing else but land),0b0,No,0b0,No
Mandoul,1,8.6,17.7,2022-09-14,h19v08,671.0,3600.0,0.4167,2066.0,0b0000100000010010,0b10,"Pixel produced, but most probably cloudy",0b0100,Decreasing quality,0b00,Climatology,0b0,No,0b0,No,0b0,No,0b001,Land (Nothing else but land),0b0,No,0b0,No
Mandoul,1,8.6,17.7,2022-09-30,h19v08,671.0,3600.0,0.6872,2116.0,0b0000100001000100,0b00,VI produced with good quality,0b0001,Lower quality,0b01,Low,0b0,No,0b0,No,0b0,No,0b001,Land (Nothing else but land),0b0,No,0b0,No
Mandoul,1,8.6,17.7,2022-10-16,h19v08,671.0,3600.0,0.6925,2116.0,0b0000100001000100,0b00,VI produced with good quality,0b0001,Lower quality,0b01,Low,0b0,No,0b0,No,0b0,No,0b001,Land (Nothing else but land),0b0,No,0b0,No
Mandoul,1,8.6,17.7,2022-11-01,h19v08,671.0,3600.0,0.6164,2116.0,0b0000100001000100,0b00,VI produced with good quality,0b0001,Lower quality,0b01,Low,0b0,No,0b0,No,0b0,No,0b001,Land (Nothing else but land),0b0,No,0b0,No
Mandoul,1,8.6,17.7,2022-11-17,h19v08,671.0,3600.0,0.5744,2116.0,0b0000100001000100,0b00,VI produced with good quality,0b0001,Lower quality,0b01,Low,0b0,No,0b0,No,0b0,No,0b001,Land (Nothing else but land),0b0,No,0b0,No
Mandoul,1,8.6,17.7,2022-12-03,h19v08,671.0,3600.0,0.4591,2116.0,0b0000100001000100,0b00,VI produced with good quality,0b0001,Lower quality,0b01,Low,0b0,No,0b0,No,0b0,No,0b001,Land (Nothing else but land),0b0,No,0b0,No
Mandoul,1,8.6,17.7,2022-12-19,h19v08,671.0,3600.0,0.3989,2116.0,0b0000100001000100,0b00,VI produced with good quality,0b0001,Lower quality,0b01,Low,0b0,No,0b0,No,0b0,No,0b001,Land (Nothing else but land),0b0,No,0b0,No
Mandoul,1,8.6,17.7,2023-01-01,h19v08,671.0,3600.0,0.3875,2116.0,0b0000100001000100,0b00,VI produced with good quality,0b0001,Lower quality,0b01,Low,0b0,No,0b0,No,0b0,No,0b001,Land (Nothing else but land),0b0,No,0b0,No
Mandoul,1,8.6,17.7,2023-01-17,h19v08,671.0,3600.0,0.3293,2185.0,0b0000100010001001,0b01,"VI produced, but check other QA",0b0010,Decreasing quality,0b10,Average,0b0,No,0b0,No,0b0,No,0b001,Land (Nothing else but land),0b0,No,0b0,No
Mandoul,1,8.6,17.7,2023-02-02,h19v08,671.0,3600.0,0.3526,2116.0,0b0000100001000100,0b00,VI produced with good quality,0b0001,Lower quality,0b01,Low,0b0,No,0b0,No,0b0,No,0b001,Land (Nothing else but land),0b0,No,0b0,No
Mandoul,1,8.6,17.7,2023-02-18,h19v08,671.0,3600.0,0.3333,2116.0,0b0000100001000100,0b00,VI produced with good quality,0b0001,Lower quality,0b01,Low,0b0,No,0b0,No,0b0,No,0b001,Land (Nothing else but land),0b0,No,0b0,No
Mandoul,1,8.6,17.7,2023-03-06,h19v08,671.0,3600.0,0.3731,2116.0,0b0000100001000100,0b00,VI produced with good quality,0b0001,Lower quality,0b01,Low,0b0,No,0b0,No,0b0,No,0b001,Land (Nothing else but land),0b0,No,0b0,No
Mandoul,1,8.6,17.7,2023-03-22,h19v08,671.0,3600.0,0.3479,2116.0,0b0000100001000100,0b00,VI produced with good quality,0b0001,Lower quality,0b01,Low,0b0,No,0b0,No,0b0,No,0b001,Land (Nothing else but land),0b0,No,0b0,No
Mandoul,1,8.6,17.7,2023-04-07,h19v08,671.0,3600.0,0.3664,2261.0,0b0000100011010101,0b01,"VI produced, but check other QA",0b0101,Decreasing quality,0b11,High,0b0,No,0b0,No,0b0,No,0b001,Land (Nothing else but land),0b0,No,0b0,No
Mandoul,1,8.6,17.7,2023-04-23,h19v08,671.0,3600.0,0.3879,2120.0,0b0000100001001000,0b00,VI produced with good quality,0b0010,Decreasing quality,0b01,Low,0b0,No,0b0,No,0b0,No,0b001,Land (Nothing else but land),0b0,No,0b0,No
Mandoul,1,8.6,17.7,2023-05-09,h19v08,671.0,3600.0,0.3787,2116.0,0b0000100001000100,0b00,VI produced with good quality,0b0001,Lower quality,0b01,Low,0b0,No,0b0,No,0b0,No,0b001,Land (Nothing else but land),0b0,No,0b0,No
Mandoul,1,8.6,17.7,2023-05-25,h19v08,671.0,3600.0,0.4516,2185.0,0b0000100010001001,0b01,"VI produced, but check other QA",0b0010,Decreasing quality,0b10,Average,0b0,No,0b0,No,0b0,No,0b001,Land (Nothing else but land),0b0,No,0b0,No
Mandoul,1,8.6,17.7,2023-06-10,h19v08,671.0,3600.0,0.5608,2116.0,0b0000100001000100,0b00,VI produced with good quality,0b0001,Lower quality,0b01,Low,0b0,No,0b0,No,0b0,No,0b001,Land (Nothing else but land),0b0,No,0b0,No
Mandoul,1,8.6,17.7,2023-06-26,h19v08,671.0,3600.0,0.6136,2116.0,0b0000100001000100,0b00,VI produced with good quality,0b0001,Lower quality,0b01,Low,0b0,No,0b0,No,0b0,No,0b001,Land (Nothing else but land),0b0,No,0b0,No
Mandoul,1,8.6,17.7,2023-07-12,h19v08,671.0,3600.0,0.6212,2116.0,0b0000100001000100,0b00,VI produced with good quality,0b0001,Lower quality,0b01,Low,0b0,No,0b0,No,0b0,No,0b001,Land (Nothing else but land),0b0,No,0b0,No
Mandoul,1,8.6,17.7,2023-07-28,h19v08,671.0,3600.0,0.6449,2116.0,0b0000100001000100,0b00,VI produced with good quality,0b0001,Lower quality,0b01,Low,0b0,No,0b0,No,0b0,No,0b001,Land (Nothing else but land),0b0,No,0b0,No
Mandoul,1,8.6,17.7,2023-08-13,h19v08,671.0,3600.0,0.6016,2116.0,0b0000100001000100,0b00,VI produced with good quality,0b0001,Lower quality,0b01,Low,0b0,No,0b0,No,0b0,No,0b001,Land (Nothing else but land),0b0,No,0b0,No
Mandoul,1,8.6,17.7,2023-08-29,h19v08,671.0,3600.0,0.6571,2116.0,0b0000100001000100,0b00,VI produced with good quality,0b0001,Lower quality,0b01,Low,0b0,No,0b0,No,0b0,No,0b001,Land (Nothing else but land),0b0,No,0b0,No
Mandoul,1,8.6,17.7,2023-09-14,h19v08,671.0,3600.0,0.657,3222.0,0b0000110010010110,0b10,"Pixel produced, but most probably cloudy",0b0101,Decreasing quality,0b10,Average,0b0,No,0b0,No,0b1,Yes,0b001,Land (Nothing else but land),0b0,No,0b0,No
Mandoul,1,8.6,17.7,2023-09-30,h19v08,671.0,3600.0,0.7005,2120.0,0b0000100001001000,0b00,VI produced with good quality,0b0010,Decreasing quality,0b01,Low,0b0,No,0b0,No,0b0,No,0b001,Land (Nothing else but land),0b0,No,0b0,No
Mandoul,1,8.6,17.7,2023-10-16,h19v08,671.0,3600.0,0.6626,2116.0,0b0000100001000100,0b00,VI produced with good quality,0b0001,Lower quality,0b01,Low,0b0,No,0b0,No,0b0,No,0b001,Land (Nothing else but land),0b0,No,0b0,No
Mandoul,1,8.6,17.7,2023-11-01,h19v08,671.0,3600.0,0.6344,2185.0,0b0000100010001001,0b01,"VI produced, but check other QA",0b0010,Decreasing quality,0b10,Average,0b0,No,0b0,No,0b0,No,0b001,Land (Nothing else but land),0b0,No,0b0,No
Mandoul,1,8.6,17.7,2023-11-17,h19v08,671.0,3600.0,0.5005,2116.0,0b0000100001000100,0b00,VI produced with good quality,0b0001,Lower quality,0b01,Low,0b0,No,0b0,No,0b0,No,0b001,Land (Nothing else but land),0b0,No,0b0,No
Mandoul,1,8.6,17.7,2023-12-03,h19v08,671.0,3600.0,0.4042,2116.0,0b0000100001000100,0b00,VI produced with good quality,0b0001,Lower quality,0b01,Low,0b0,No,0b0,No,0b0,No,0b001,Land (Nothing else but land),0b0,No,0b0,No
Mandoul,1,8.6,17.7,2023-12-19,h19v08,671.0,3600.0,0.4005,2116.0,0b0000100001000100,0b00,VI produced with good quality,0b0001,Lower quality,0b01,Low,0b0,No,0b0,No,0b0,No,0b001,Land (Nothing else but land),0b0,No,0b0,No
